{
  "tun": false,
  "tun_stack": "mixed",
  "tun_auto_route": true,
  "tun_strict_route": false,
  "tun_append_http_proxy": true,
  "tun_allow_bypass": false,
  "ntp": false,
  "proxy": {
    "enable_cluster": false,
    "host": "127.0.0.1",
    "cluster_host": "127.0.0.1",
    "mixed_port": 3067,
    "mixed_direct_port": 3065,
    "mixed_forword_port": 3066,
    "control_port": 3057,
    "cluster_port": 3050,
    "pprof_port": 0,
    "auto_set_system_proxy": true,
    "disconnect_when_quit": true
  },
  "ui": {
    "theme": "dark",
    "disable_font_scaler": false
  },
  "webdav": {
    "url": "",
    "user": "",
    "password": ""
  },
  "tls": {
    "enable_fragment": false,
    "fragment_size": "1",
    "fragment_sleep": "0",
    "enable_mixed_case_sni": false,
    "enable_padding": false,
    "padding_size": ""
  },
  "my_link": "",
  "auto_connect_after_launch": true,
  "download_profile_prefer_proxy": false,
  "proxy_all": false,
  "inbound_domain_resolve": false,
  "enable_geosite": true,
  "enable_geoip": true,
  "enable_acl": true,
  "use_remote_geosite": false,
  "use_remote_geoip": false,
  "use_remote_acl": false,
  "geosite_apple_direct_opt": false,
  "auto_select_server_time_interval": 28800,
  "auto_select_server_prioritize_my_fav": false,
  "auto_select_server_filter": false,
  "auto_select_server_filter_num": 200,
  "quit_when_switch_systemUser": false,
  "sleep_with_system": false,
  "time_connect": null,
  "time_disconnect": null,
  "disable_ua_report": false,
  "language_tag": "fa",
  "region_code": "US",
  "dns_enable_rule": false,
  "dns_test_domain": "gstatic.com",
  "enable_ipv6": false,
  "dns_enable_fake_ip": false,
  "dns_enable_proxy_resolve_by_proxy": true,
  "dns_enable_final_resolve_by_proxy": true,
  "dns_resolver": "https://1.1.1.1/dns-query",
  "dns_outbound": "https://1.1.1.1/dns-query",
  "dns_direct": "udp://8.8.8.8",
  "dns_proxy": "https://1.1.1.1/dns-query",
  "dns_final": "https://1.1.1.1/dns-query",
  "dns_list": [],
  "speed_test_list": [],
  "speed_test": "https://speed.cloudflare.com/",
  "url_test_list": [],
  "url_test": "https://www.gstatic.com/generate_204",
  "url_test_retest_if_network_updated": false,
  "front_proxy": "",
  "geosite": "",
  "geoip": "",
  "home_show_myprofiles": true,
  "home_show_addprofile": true,
  "home_show_dns": true,
  "home_show_deversion": true,
  "home_show_netcheck": true,
  "home_show_speedtest": true,
  "home_show_mylink": true,
  "hide_invalid_server_my_profiles": false,
  "hide_invalid_server_select_server": false,
  "hide_invalid_server_diversion_rules": false,
  "sort_server_my_profiles": true,
  "sort_server_select_server": true,
  "sort_server_diversion_rules": false,
  "select_server_hide_recommand": false,
  "select_server_hide_recent": true,
  "select_server_hide_fav": false,
  "hide_unused_diversion_group": false,
  "disable_isp_diversion_group": false,
  "perapp_enable": true,
  "perapp_is_include": true,
  "auto_update_channel": "beta",
  "origin_sb_profile": "",
  "perapp": []
}